,KS_similarity,weight,weighted_KS_similarity
H1,0.902382930378049,1.0,0.902382930378049
E1,0.6978710941481773,0.6324555320336759,0.44137243414040894
G2,0.6853072345461095,0.7745966692414834,0.5308367012865085
